area,lon,lat,geometry,category,주차면수,소유주체
451.5,127.6999517,34.94375639,POINT (127.6999517256385 34.94375639192332),주거,61,
315.18,127.69970090000001,34.94300536,POINT (127.6997008999679 34.94300535627899),주거,61,
528.6,127.70017759999999,34.94328851,POINT (127.7001775786846 34.94328850811207),주거,61,
420.24,127.7001429,34.94351961,POINT (127.7001428684157 34.94351960690734),주거,61,
420.24,127.7003199,34.94300525,POINT (127.7003199164866 34.94300525165077),주거,61,
455.4,127.69920090000001,34.94402004,POINT (127.6992009253564 34.94402004427995),주거,61,
451.5,127.6991888,34.9432642,POINT (127.6991887856559 34.94326419554561),주거,61,
455.4,127.699193,34.94352279,POINT (127.6991930034054 34.94352278691999),주거,61,
451.5,127.69918940000001,34.94376261,POINT (127.6991894373452 34.94376260523296),주거,61,
364.32,127.6998416,34.9440174,POINT (127.6998415704 34.94401740213825),주거,61,
688.79,127.7005415,34.94248838,POINT (127.7005414918642 34.94248837573334),주거,181,
816.4,127.7005357,34.94156215,POINT (127.7005357360061 34.94156214717888),주거,181,
736.14,127.70054209999999,34.94202616,POINT (127.7005421434776 34.94202615511194),주거,181,
798.32,127.6941932,34.94400170000001,POINT (127.6941931725954 34.94400170136752),주거,220,
851.7,127.69414270000001,34.94258176,POINT (127.6941426674447 34.94258176251973),주거,220,
1212.22,127.69299199999999,34.94242542,POINT (127.692992021458 34.94242542221019),주거,220,
746.76,127.6923257,34.94198257,POINT (127.6923256553844 34.94198257241046),주거,220,
504.44,127.69312009999999,34.94198052,POINT (127.6931201427311 34.94198052014323),주거,220,
680.78,127.69220929999999,34.94161652,POINT (127.6922093346122 34.94161651768208),주거,220,
680.78,127.6930113,34.94161299,POINT (127.6930113385701 34.94161298763621),주거,220,
798.32,127.6941824,34.943077200000005,POINT (127.6941824149144 34.94307720214629),주거,220,
798.32,127.69418770000001,34.9435416,POINT (127.6941876507554 34.94354159878916),주거,220,
651.6,127.6922034,34.94121796,POINT (127.6922033737542 34.94121796469236),주거,102,
438.72,127.69211829999999,34.94098013,POINT (127.692118309549 34.94098012519488),주거,102,
860.76,127.68575359999998,34.94153457,POINT (127.6857536188725 34.94153456526564),주거,152,
887.01,127.68577659999998,34.94198997,POINT (127.6857765944242 34.9419899710855),주거,152,
3078.33,127.689727,34.94360738,POINT (127.6897269583325 34.94360738476383),주거,126,
3078.33,127.689554,34.94262584,POINT (127.6895539600107 34.9426258354799),주거,126,
3078.33,127.68956229999999,34.94313397,POINT (127.6895623003948 34.94313397425518),주거,126,
3078.33,127.6898517,34.94289572,POINT (127.68985172084 34.94289571841742),주거,126,
3078.33,127.6897798,34.94406956,POINT (127.689779771582 34.94406955621138),주거,126,
1077.1,127.68989840000002,34.94465703,POINT (127.6898984358978 34.94465702552794),주거,174,
488.82,127.6901428,34.94553883,POINT (127.6901427776609 34.94553883201001),주거,174,
488.82,127.6894521,34.9455971,POINT (127.6894521180865 34.94559709554662),주거,174,
488.82,127.6898423,34.94590926,POINT (127.6898423037392 34.94590925933224),주거,174,
566.46,127.6897679,34.9452155,POINT (127.6897678924278 34.94521549598635),주거,174,
896.81,127.6856088,34.945159999999994,POINT (127.6856088407607 34.94515999531622),주거,121,
896.81,127.68605690000001,34.946008299999995,POINT (127.6860569057846 34.94600830093675),주거,121,
896.81,127.68603610000001,34.944896500000006,POINT (127.6860360838427 34.94489649638079),주거,121,
896.81,127.68559509999999,34.94576679,POINT (127.6855951028064 34.9457667850665),주거,121,
896.81,127.6856729,34.94676309,POINT (127.6856729316414 34.94676308550036),주거,121,
896.81,127.6856324,34.94466906,POINT (127.6856323794969 34.9446690592377),주거,121,
896.81,127.6855922,34.94626325,POINT (127.6855921885959 34.94626324651153),주거,121,
896.81,127.6860997,34.94646054,POINT (127.6860997128168 34.94646054261438),주거,121,
495.4436,127.6872601,34.95084115,POINT (127.6872600504715 34.95084115292855),주거,121,
743.1654,127.6877226,34.95130647,POINT (127.6877225688105 34.95130646547316),주거,121,
743.1654,127.687728,34.95195496,POINT (127.6877279734604 34.95195495905947),주거,121,
247.7218,127.68771140000001,34.95056359,POINT (127.6877113902532 34.95056359260204),주거,121,
487.3436,127.6873751,34.95029459,POINT (127.68737514244 34.95029458792143),주거,121,
617.2652,127.6908382,34.95134384,POINT (127.6908381535286 34.95134384266134),주거,79,
617.2652,127.69154040000001,34.95178028,POINT (127.6915404287732 34.95178028203335),주거,79,
617.2652,127.69084699999999,34.95185144,POINT (127.6908470219078 34.95185144228167),주거,79,
609.3652,127.6916057,34.95227779,POINT (127.6916056951842 34.95227778813231),주거,79,
609.3652,127.6908165,34.95228161,POINT (127.6908164642113 34.9522816119588),주거,79,
617.2652,127.6915328,34.9512764,POINT (127.6915327641244 34.95127640009454),주거,79,
979.76,127.69289599999999,34.93610686,POINT (127.6928960055414 34.93610685937502),주거,143,
734.82,127.6940352,34.93659134,POINT (127.694035190142 34.93659133818645),주거,143,
979.76,127.69293629999999,34.93708521,POINT (127.6929362993179 34.93708520799831),주거,143,
734.82,127.6940426,34.93756805,POINT (127.6940425975032 34.93756805440964),주거,143,
979.76,127.69294070000001,34.93757456,POINT (127.6929406777838 34.93757455552718),주거,143,
734.82,127.6940428,34.93707998,POINT (127.6940427652538 34.93707997673165),주거,143,
979.76,127.6929382,34.93659826,POINT (127.6929381681903 34.93659826396944),주거,143,
734.82,127.69403030000001,34.93620070000001,POINT (127.6940303489015 34.93620070470815),주거,143,
549.006,127.6905264,34.93506199,POINT (127.6905264028491 34.93506199059608),주거,125,
768.916,127.690772,34.93420354,POINT (127.6907720190043 34.93420354215777),주거,125,
776.43,127.68947549999999,34.93417862,POINT (127.6894754870194 34.93417861617642),주거,125,
594.006,127.6897667,34.9349626,POINT (127.6897666619448 34.93496260240271),주거,125,
396.004,127.68935549999999,34.93473796,POINT (127.689355494899 34.93473796248693),주거,125,
385.204,127.68967260000001,34.93450072,POINT (127.6896725610182 34.93450072284996),주거,125,
408.54400000000004,127.68937690000001,34.93523125,POINT (127.6893768529762 34.93523125006508),주거,125,
594.006,127.6897757,34.93556854,POINT (127.6897757139454 34.93556854480642),주거,125,
385.82599999999996,127.6902085,34.93414735,POINT (127.6902084778719 34.93414735074668),주거,125,
396.004,127.6905159,34.93455411,POINT (127.6905158554588 34.93455411113207),주거,125,
396.004,127.69087160000001,34.93476308,POINT (127.6908715944995 34.9347630798129),주거,125,
594.006,127.690614,34.93557414,POINT (127.6906139698631 34.93557413860465),주거,125,
1369.255,127.6904131,34.93342495,POINT (127.6904130632412 34.93342495323793),주거,374,
520.6,127.6905122,34.93150312,POINT (127.6905122003753 34.93150311986673),주거,374,
818.51,127.69105520000001,34.93149507,POINT (127.691055155939 34.93149507151906),주거,374,
1187.39,127.69037309999999,34.93198398,POINT (127.690373134792 34.93198397969672),주거,374,
1187.39,127.69117340000001,34.93197479,POINT (127.6911734064859 34.93197479131182),주거,374,
1369.225,127.68958909999998,34.93341614,POINT (127.6895890650204 34.93341614357566),주거,374,
1039.75,127.6918445,34.93209184,POINT (127.691844528007 34.93209183581106),주거,374,
1119.67,127.6920385,34.93148452,POINT (127.6920385489992 34.93148451818898),주거,374,
769.81,127.692651,34.93184377,POINT (127.6926509589377 34.93184377245775),주거,374,
699.63,127.6926514,34.93117296,POINT (127.6926513640692 34.93117295568594),주거,374,
600.52,127.6897771,34.93145374,POINT (127.6897771303308 34.93145374092558),주거,374,
738.59,127.6910914,34.93267588,POINT (127.6910914487244 34.93267588137533),주거,374,
1099.71,127.69038020000002,34.93273321,POINT (127.6903802311019 34.9327332112538),주거,374,
1187.39,127.68955120000001,34.93198836,POINT (127.6895512432912 34.93198836053286),주거,374,
1099.71,127.68957140000002,34.932735,POINT (127.6895713762793 34.93273499904704),주거,374,
4159.57,127.6968398,34.93528776,POINT (127.6968397693925 34.93528776338451),주거,173,
4159.57,127.69697279999998,34.93405882,POINT (127.6969727512222 34.9340588204107),주거,173,
4159.57,127.6968635,34.93444926,POINT (127.6968634601392 34.93444925641219),주거,173,
4159.57,127.69686329999999,34.93486635,POINT (127.6968633116848 34.93486635468376),주거,173,
956.47,127.6957253,34.93406098,POINT (127.6957253249094 34.93406097527384),주거,165,
951.07,127.6957551,34.93527445,POINT (127.6957551189832 34.93527444806881),주거,165,
956.47,127.695669,34.93441359,POINT (127.6956690209506 34.93441358800866),주거,165,
875.0880000000001,127.69578659999999,34.93485624,POINT (127.6957866403082 34.93485623585194),주거,165,
730.56,127.6966774,34.9323671,POINT (127.6966773998674 34.93236709587459),주거,231,
557.46,127.69672369999999,34.93336649,POINT (127.6967237249868 34.93336648565472),주거,231,
642.09,127.6974155,34.93346681,POINT (127.6974155355784 34.93346680923373),주거,231,
857.01,127.69745320000001,34.93297233,POINT (127.6974531975118 34.93297232648281),주거,231,
857.01,127.6974051,34.93236779,POINT (127.6974051316962 34.93236779387182),주거,231,
489.36,127.69670090000001,34.93289962,POINT (127.6967008847488 34.93289962029156),주거,231,
771.66,127.6952986,34.93234632,POINT (127.695298556867 34.93234632263798),주거,231,
771.66,127.69597009999998,34.93234582,POINT (127.6959701255688 34.93234581751054),주거,231,
494.08,127.693482,34.93204487,POINT (127.6934819704059 34.93204487144975),주거,107,
741.12,127.6935477,34.93091939999999,POINT (127.6935476945156 34.93091940274338),주거,107,
494.08,127.6934787,34.93149919,POINT (127.6934786791401 34.93149918876216),주거,107,
494.08,127.69380729999999,34.9318148,POINT (127.6938073020725 34.93181479640045),주거,107,
464.08,127.6938014,34.93126144,POINT (127.6938014236061 34.93126143653455),주거,107,
1055.4247,127.6963367,34.94617411,POINT (127.696336716764 34.94617410707279),주거,75,
252.104,127.69678459999999,34.94710708,POINT (127.6967845575531 34.94710708251544),주거,75,
668.5819,127.6965468,34.94663244,POINT (127.6965468441593 34.94663244244352),주거,75,
326.84,127.6865513,34.95540367,POINT (127.6865513469653 34.95540367387131),주거,78,
326.84,127.6877924,34.9553961,POINT (127.6877924480798 34.95539610074105),주거,78,
423.64,127.68697140000002,34.95501399,POINT (127.6869714304046 34.95501399144044),주거,78,
616.58,127.687729,34.95500696,POINT (127.687729015762 34.95500696416065),주거,78,
423.64,127.6863696,34.95501708,POINT (127.6863696456324 34.95501708105983),주거,78,
326.84,127.6871685,34.95540063,POINT (127.6871684597413 34.95540063321535),주거,78,
192.94,127.6879736,34.95569482,POINT (127.6879736445899 34.95569482128421),주거,78,
192.94,127.68636129999999,34.95570656,POINT (127.6863613243524 34.95570656224194),주거,78,
385.88,127.68685790000002,34.95570328,POINT (127.6868579150219 34.95570327872953),주거,78,
385.88,127.6874761,34.95569913,POINT (127.687476070969 34.95569912676658),주거,78,
466.014,127.6888672,34.95624322,POINT (127.6888671505801 34.95624322422554),주거,122,
520.817,127.68951499999999,34.9565979,POINT (127.6895150053171 34.95659789883098),주거,122,
410.496,127.6901182,34.9564391,POINT (127.6901181933401 34.95643909969765),주거,122,
548.9564,127.69076159999999,34.95647214,POINT (127.6907616465176 34.95647213817483),주거,88,
534.4996,127.69121750000001,34.95644365,POINT (127.6912174986065 34.95644365418848),주거,88,
534.4707,127.69180779999999,34.95618997,POINT (127.6918077635262 34.95618996769864),주거,88,
534.4707,127.69220890000001,34.95588988,POINT (127.6922089086676 34.95588987834702),주거,88,
534.4707,127.69220890000001,34.95588988,POINT (127.6922089086676 34.95588987834702),주거,88,
534.4707,127.69250530000001,34.95559902,POINT (127.6925052840138 34.95559901608105),주거,88,
534.4707,127.69280690000001,34.95531244,POINT (127.6928069351327 34.9553124405878),주거,88,
810.878,127.69260009999999,34.95390892,POINT (127.6926001191521 34.95390892137153),주거,131,
1397.66,127.69133319999999,34.95407791,POINT (127.6913331822942 34.95407790553822),주거,146,
838.43,127.6909642,34.9536873,POINT (127.6909641619116 34.95368729747401),주거,146,
558.95,127.69008999999998,34.95407557,POINT (127.6900900305762 34.95407556988201),주거,52,
558.95,127.6900675,34.95371093,POINT (127.6900674783769 34.95371093426984),주거,52,
268.13,127.68967040000001,34.95387836,POINT (127.6896704218486 34.95387836077848),주거,52,
546.4105,127.68895459999999,34.95369886,POINT (127.6889545793001 34.95369885866558),주거,101,
275.16200000000003,127.6899992,34.9531081,POINT (127.6899991852054 34.95310810146498),주거,101,
546.4105,127.6899763,34.95275667,POINT (127.689976295307 34.95275666988963),주거,101,
550.3240000000001,127.6894736,34.95276609,POINT (127.6894735564476 34.95276609086004),주거,101,
822.0281,127.6888074,34.95280272,POINT (127.6888074260963 34.95280271680971),주거,101,
550.3240000000001,127.68885049999999,34.95318689,POINT (127.6888505387848 34.95318689282329),주거,101,
443.04,127.71386969999999,34.96496938,POINT (127.7138697024048 34.96496938058888),주거,48,
332.28,127.71374109999998,34.96559893,POINT (127.7137411425242 34.96559893387568),주거,48,
332.28,127.71351609999998,34.96532168,POINT (127.713516078609 34.96532167567459),주거,48,
443.04,127.71403059999999,34.96523369,POINT (127.7140306238533 34.96523369160882),주거,48,
677.43,127.7139892,34.96652697,POINT (127.7139891828418 34.96652696965042),주거,132,
617.562,127.7147992,34.96630515,POINT (127.7147992250046 34.96630514881905),주거,132,
557.696,127.71536,34.96638753,POINT (127.7153599683304 34.96638752952746),주거,132,
797.16,127.71486399999999,34.96578821,POINT (127.7148640213741 34.96578820650079),주거,132,
557.696,127.71522639999999,34.9668245,POINT (127.7152263759606 34.96682450419068),주거,132,
797.16,127.7143801,34.96640274,POINT (127.7143801339741 34.9664027419469),주거,132,
671.562,127.71578819999999,34.96690801,POINT (127.7157882237477 34.96690800638741),주거,132,
571.87,127.71498729999999,34.96525495,POINT (127.7149872759204 34.96525494945357),주거,90,
381.25,127.71531110000001,34.96565799,POINT (127.7153110850249 34.96565799274557),주거,90,
762.5,127.7162358,34.96678826,POINT (127.7162357515781 34.9667882563489),주거,90,
632.78,127.7153067,34.96494172,POINT (127.7153067135922 34.96494172335034),주거,90,
632.78,127.7156689,34.96471614,POINT (127.7156688656954 34.9647161386562),주거,90,
571.87,127.71616000000002,34.96608329,POINT (127.7161600075244 34.96608329345062),주거,90,
632.78,127.716627,34.96656187,POINT (127.7166269929105 34.96656187222548),주거,90,
632.78,127.71610090000001,34.96524771,POINT (127.7161009233632 34.96524770759755),주거,90,
421.86,127.71664390000001,34.96596481,POINT (127.71664391197 34.96596481155927),주거,90,
421.86,127.7169818,34.966325899999994,POINT (127.71698175162 34.96632589751662),주거,90,
632.78,127.71573799999999,34.96547138,POINT (127.715738020717 34.96547138283044),주거,90,
1572.09,127.71757859999998,34.96685413,POINT (127.7175786450442 34.96685412615366),주거,5,
1045.05,127.7182443,34.96708281,POINT (127.7182443176465 34.9670828092214),주거,5,
471.96,127.7190114,34.96681094,POINT (127.719011403028 34.96681093926226),주거,5,
475.92,127.71885420000001,34.96659594,POINT (127.7188541717719 34.9665959408096),주거,5,
471.96,127.71938870000001,34.9663251,POINT (127.7193886716837 34.96632510207469),주거,5,
475.92,127.71868870000002,34.96640174,POINT (127.7186887461387 34.96640173621195),주거,5,
462.96,127.71922450000001,34.96612012,POINT (127.7192245153575 34.96612012166506),주거,5,
416.61,127.71853519999999,34.96620423,POINT (127.7185352179285 34.96620423284638),주거,5,
416.61,127.71904369999999,34.96592811,POINT (127.719043718675 34.96592811107278),주거,5,
462.96,127.7195574,34.96652586,POINT (127.7195574409643 34.96652585923869),주거,5,
455.4,127.71998640000001,34.96630336,POINT (127.7199864496912 34.96630336065228),주거,54,
307.36,127.71989040000001,34.96546145,POINT (127.7198903558753 34.96546145178631),주거,54,
364.32,127.7196173,34.96584311,POINT (127.7196173036106 34.96584311145983),주거,54,
361.2,127.72023270000001,34.9658942,POINT (127.7202326757283 34.96589420488972),주거,54,
364.32,127.7203693,34.96565846,POINT (127.7203692657933 34.96565846118246),주거,54,
525.3,127.72027709999999,34.96528149,POINT (127.7202771284735 34.96528149127687),주거,54,
370.71,127.72010039999999,34.9649306,POINT (127.720100369121 34.96493059709637),주거,42,
370.71,127.72067450000002,34.96514457,POINT (127.7206744975532 34.96514456540582),주거,42,
370.71,127.72091100000002,34.96471234,POINT (127.7209110411733 34.96471234248651),주거,42,
249.24,127.72027320000001,34.96472577,POINT (127.7202731610815 34.96472577167869),주거,42,
276.48,127.72040430000001,34.96444286,POINT (127.7204042958293 34.96444285850821),주거,42,
370.71,127.7210787,34.96440942,POINT (127.7210786733734 34.96440941621658),주거,42,
370.71,127.72079450000001,34.96492101,POINT (127.7207945032002 34.96492100864074),주거,42,
713.88,127.7415952,34.9433935,POINT (127.7415951620133 34.94339349505121),주거,73,
649.8,127.741671,34.94318908,POINT (127.7416709853397 34.94318908456366),주거,73,
475.92,127.7416963,34.94296294,POINT (127.7416963290244 34.94296294385119),주거,73,
779.76,127.74154229999999,34.94360751,POINT (127.7415422688979 34.9436075146574),주거,73,
779.76,127.74141159999999,34.94379328,POINT (127.7414116115466 34.94379327924252),주거,73,
485.58,127.7220457,34.93661537,POINT (127.722045704544 34.93661536767345),주거,35,
494.26,127.72226840000002,34.93704446,POINT (127.7222684346026 34.93704445603905),주거,35,
512.22,127.7213378,34.93707026,POINT (127.7213377826821 34.93707026081589),주거,35,
487.66,127.7212869,34.93666745,POINT (127.7212869096682 34.93666745046144),주거,35,
485.58,127.72037949999999,34.93615913,POINT (127.7203795459999 34.9361591250079),주거,35,
494.26,127.72045870000001,34.93657466,POINT (127.7204586663179 34.93657465791546),주거,35,
485.58,127.71949380000001,34.93638738,POINT (127.7194937860196 34.93638737971789),주거,35,
475.96,127.71867350000001,34.9363095,POINT (127.7186734687513 34.93630950106567),주거,35,
485.58,127.7194827,34.93561001,POINT (127.7194826863603 34.93561000952995),주거,35,
493.86,127.7187655,34.93674683,POINT (127.7187655015984 34.9367468290593),주거,35,
493.86,127.7187688,34.93595741,POINT (127.7187687546251 34.93595741149252),주거,35,
475.96,127.71866259999999,34.93552347,POINT (127.7186626153985 34.9355234714219),주거,35,
495.22,127.7197078,34.93607532,POINT (127.7197078050424 34.93607531686209),주거,35,
495.22,127.7195695,34.93684858,POINT (127.7195694501443 34.93684858151359),주거,35,
487.66,127.7202547,34.93690429,POINT (127.7202546731715 34.93690428896887),주거,35,
487.66,127.7212269,34.93741357,POINT (127.7212269180543 34.9374135748759),주거,35,
485.58,127.72205500000001,34.9373581,POINT (127.7220549966745 34.93735809763294),주거,35,
655.5,127.71755659999998,34.93536745,POINT (127.717556630258 34.93536744572736),주거,102,
643.05,127.71666359999999,34.93582804,POINT (127.7166636332826 34.93582804275583),주거,102,
631.08,127.7176513,34.93602451,POINT (127.7176512738279 34.93602451220534),주거,102,
573.94,127.71752269999999,34.93306413,POINT (127.7175227186827 34.93306412570026),주거,102,
378.86,127.7168551,34.93285258,POINT (127.7168551451281 34.93285258242914),주거,102,
573.94,127.71646229999999,34.933425,POINT (127.7164622901088 34.93342499608378),주거,102,
372.64,127.71736340000001,34.93366333,POINT (127.7173634277353 34.93366332902178),주거,102,
413.81,127.71687450000002,34.93396108,POINT (127.7168745000697 34.93396107612531),주거,102,
655.5,127.71655430000001,34.93453547,POINT (127.7165543319885 34.9345354733122),주거,102,
643.77,127.7176132,34.93419627,POINT (127.7176131532331 34.93419626685576),주거,102,
413.81,127.7175355,34.93472224,POINT (127.7175355208245 34.93472224075294),주거,102,
643.77,127.7165983,34.93515072,POINT (127.7165983133326 34.93515071712764),주거,102,
324.44,127.72843600000002,34.93916387,POINT (127.7284359709755 34.93916387207499),주거,35,
326.92,127.72832700000001,34.93865023,POINT (127.7283270365944 34.93865023126912),주거,35,
324.44,127.72812350000001,34.93895211,POINT (127.7281235035425 34.93895211396157),주거,35,
352.38,127.73086229999998,34.9368161,POINT (127.7308623203377 34.93681610039032),주거,35,
352.38,127.73096229999999,34.93605425,POINT (127.7309623290275 34.93605425059359),주거,35,
352.38,127.73105349999999,34.93648952,POINT (127.731053549502 34.93648951753307),주거,35,
352.35,127.7305416,34.93748083,POINT (127.7305416223338 34.93748082650394),주거,35,
352.35,127.7307348,34.93715413,POINT (127.7307348192335 34.93715412906461),주거,35,
438.39,127.73014920000001,34.93812624,POINT (127.730149212047 34.93812624140812),주거,35,
421.2,127.7303487,34.93780815,POINT (127.7303486733318 34.93780815447908),주거,35,
326.92,127.7296821,34.93839451,POINT (127.7296821038809 34.93839451192816),주거,35,
490.38,127.7291797,34.93868691,POINT (127.7291797073788 34.93868691151572),주거,35,
486.66,127.7300054,34.93859791,POINT (127.7300053553226 34.93859791200055),주거,35,
486.66,127.7292926,34.93898901,POINT (127.7292926493247 34.93898900506246),주거,35,
352.02,127.7338773,34.939653,POINT (127.7338772627858 34.93965300332864),주거,34,
234.68,127.73441170000001,34.9394592,POINT (127.7344116893229 34.93945919894765),주거,34,
352.02,127.73445190000001,34.93868258,POINT (127.7344519474064 34.93868257714545),주거,34,
352.02,127.73427099999999,34.93899061,POINT (127.7342709772374 34.93899061412683),주거,34,
234.68,127.7338707,34.93924229,POINT (127.7338707078454 34.93924229217961),주거,34,
345.6,127.7337571,34.94306062,POINT (127.7337570820225 34.94306061553684),주거,34,
351.98,127.7341697,34.94278166,POINT (127.7341696845688 34.94278166117989),주거,34,
351.98,127.73397479999998,34.94223219,POINT (127.7339747705393 34.94223218721037),주거,34,
351.98,127.7335158,34.94324242,POINT (127.7335158245524 34.94324242041374),주거,34,
351.98,127.733379,34.94346589,POINT (127.7333790042631 34.94346588728538),주거,34,
351.98,127.7334294,34.94272418,POINT (127.7334294405611 34.94272417592626),주거,34,
351.98,127.7341082,34.94200899,POINT (127.7341082037238 34.9420089895241),주거,34,
351.98,127.7338321,34.94245485,POINT (127.7338321006289 34.94245484592572),주거,34,
326.92,127.7326744,34.94124751,POINT (127.7326744077069 34.94124751482651),주거,34,
352.02,127.73368070000001,34.94125911,POINT (127.7336806702347 34.94125910855943),주거,34,
326.92,127.73281709999999,34.94160217,POINT (127.7328170570499 34.94160217266634),주거,34,
326.92,127.7332574,34.94178025,POINT (127.7332574324085 34.94178024608438),주거,34,
352.02,127.73386200000002,34.94095107,POINT (127.7338619584613 34.94095106829903),주거,34,
234.68,127.73389569999999,34.94048336,POINT (127.7338956832751 34.9404833619155),주거,34,
234.68,127.7332368,34.94030144,POINT (127.7332368095806 34.94030144267139),주거,34,
352.02,127.73324879999998,34.94070326,POINT (127.7332488469989 34.94070325842273),주거,34,
352.02,127.7336481,34.94003671,POINT (127.7336480779245 34.94003671172943),주거,34,
352.02,127.7330666,34.9410107,POINT (127.7330665935815 34.94101070338694),주거,34,
352.02,127.7330666,34.9410107,POINT (127.7330665935815 34.94101070338694),주거,34,
326.92,127.73367420000001,34.94165442,POINT (127.733674245801 34.94165442203304),주거,34,
552.78,127.7197071,34.93775867,POINT (127.7197070645169 34.93775866633431),주거,38,
550.53,127.72039679999999,34.93822289,POINT (127.7203968250372 34.93822289287746),주거,38,
552.78,127.72102520000001,34.93832214,POINT (127.7210252204712 34.9383221364155),주거,38,
550.53,127.72139080000001,34.93823472,POINT (127.7213907768063 34.9382347160216),주거,38,
555.54,127.72114479999999,34.9387863,POINT (127.7211448090711 34.93878629590223),주거,38,
552.78,127.7207719,34.93886933,POINT (127.7207719436222 34.93886933259223),주거,38,
552.78,127.7194545,34.93852858,POINT (127.7194544911269 34.93852857938396),주거,38,
552.78,127.7188473,34.93879726,POINT (127.7188473214153 34.93879726303122),주거,38,
552.78,127.72001370000001,34.93828064,POINT (127.7200137454636 34.93828063670897),주거,38,
555.54,127.7198493,34.93853608,POINT (127.7198492560091 34.9385360756392),주거,38,
555.54,127.7192403,34.93877491,POINT (127.7192403231619 34.93877491377361),주거,38,
550.53,127.72012620000001,34.93771247,POINT (127.7201261596598 34.93771247112522),주거,38,
516.58,127.7180793,34.93942382,POINT (127.7180793097308 34.93942381552321),주거,94,
375.464,127.7182584,34.93899335,POINT (127.7182583578928 34.93899335190262),주거,94,
375.464,127.71876940000001,34.93945029,POINT (127.7187694029956 34.93945028882607),주거,94,
391.78,127.5912554,34.98183372,POINT (127.5912554352556 34.98183371701694),주거,54,
13.69,127.5910696,34.98159743,POINT (127.5910696144576 34.98159742804332),주거,54,
397.14,127.59044180000001,34.98164359,POINT (127.5904417682997 34.9816435906172),주거,41,
583.86,127.58449850000001,34.98438111,POINT (127.5844984812813 34.98438110800125),주거,140,
802.6,127.58490390000001,34.98385731,POINT (127.5849039084962 34.98385730735189),주거,140,
250.97799999999998,127.5795457,34.98495481,POINT (127.5795457020556 34.98495480678471),주거,95,
391.11400000000003,127.57894920000001,34.98412087,POINT (127.5789491940706 34.98412086821408),주거,95,
460.70099999999996,127.5785959,34.98363842,POINT (127.5785959294449 34.98363842072447),주거,95,
391.11400000000003,127.57960770000001,34.98396345,POINT (127.5796077301236 34.98396344780581),주거,95,
460.70099999999996,127.57954679999999,34.98445854,POINT (127.5795468346379 34.98445854111853),주거,95,
460.70099999999996,127.5782582,34.98323536,POINT (127.5782582362121 34.98323536281804),주거,95,
313.443,127.57844579999998,34.98252453,POINT (127.5784458204748 34.98252453271819),주거,95,
335.355,127.5791176,34.98333831,POINT (127.5791175859415 34.98333831372221),주거,95,
335.355,127.5787785,34.9829352,POINT (127.5787785245595 34.98293519722499),주거,95,
460.70099999999996,127.5779165,34.98283037,POINT (127.5779165172087 34.98283037224127),주거,95,
221.9632,127.5750193,34.97615134,POINT (127.5750192765739 34.97615134317144),주거,87,
1214.431,127.5750576,34.975034,POINT (127.5750576163648 34.97503399919213),주거,143,
1030.788,127.5756159,34.97542484,POINT (127.5756158982537 34.9754248357002),주거,143,
1027.988,127.57619309999998,34.9748186,POINT (127.5761930618489 34.97481860086213),주거,143,
709.633,127.5756672,34.9744409,POINT (127.5756671741942 34.97444090360717),주거,143,
323.954,127.5753236,34.97473763,POINT (127.5753236362126 34.97473763495476),주거,143,
406.68,127.58683959999999,34.97829852,POINT (127.5868395591714 34.97829851664071),주거,68,
364.32,127.58425290000001,34.98349111,POINT (127.5842529162651 34.98349111242278),주거,46,
420.0,127.5823793,34.98211426,POINT (127.582379313052 34.98211426136499),주거,46,
312.84,127.5818059,34.98179014,POINT (127.5818058915262 34.9817901407871),주거,46,
312.84,127.5819291,34.98155901,POINT (127.5819291453765 34.98155901210519),주거,46,
489.16,127.58335420000002,34.98350975,POINT (127.5833542485975 34.98350975290156),주거,46,
361.2,127.58414429999999,34.98372174,POINT (127.5841443093289 34.98372173558464),주거,46,
315.0,127.58206000000001,34.98132923,POINT (127.5820600150625 34.98132922959947),주거,46,
336.84,127.5841436,34.98236477,POINT (127.5841435800251 34.98236476656106),주거,46,
455.4,127.5834618,34.98329415,POINT (127.5834618175218 34.98329415214142),주거,46,
366.87,127.5814043,34.98254762,POINT (127.5814043356789 34.98254761530023),주거,46,
369.39,127.5817164,34.98331252,POINT (127.5817164234189 34.9833125231886),주거,46,
451.2,127.5829483,34.98260327,POINT (127.5829482832695 34.98260326638735),주거,46,
423.95,127.5846544,34.98170267,POINT (127.584654448614 34.98170267193539),주거,46,
369.39,127.5810034,34.98326486,POINT (127.5810034046113 34.98326485758091),주거,46,
366.87,127.5818428,34.98308688,POINT (127.5818427961056 34.98308687948447),주거,46,
369.39,127.58196720000001,34.98286808,POINT (127.581967225313 34.98286808313575),주거,46,
366.87,127.5811419,34.98301465,POINT (127.5811419317646 34.983014647422),주거,46,
451.2,127.58333640000001,34.98191472,POINT (127.5833364141723 34.98191471640921),주거,46,
451.2,127.5832053,34.98214768,POINT (127.5832053028175 34.9821476782117),주거,46,
360.96,127.58313600000001,34.98239372,POINT (127.5831359779548 34.98239371756343),주거,46,
366.87,127.58210009999999,34.98263213,POINT (127.5821001403093 34.98263212729262),주거,46,
369.39,127.581272,34.98279014,POINT (127.5812720029396 34.98279014040892),주거,46,
366.87,127.58263980000001,34.98329036,POINT (127.5826398219133 34.98329035790988),주거,46,
492.52,127.58323130000001,34.98373764,POINT (127.5832312841824 34.98373764398587),주거,46,
366.87,127.5827611,34.98307143,POINT (127.5827611310023 34.98307143183266),주거,46,
364.32,127.5840225,34.98395352,POINT (127.5840225272094 34.98395352464392),주거,46,
339.16,127.5840176,34.98259042,POINT (127.5840175719231 34.98259042113532),주거,46,
492.52,127.58242079999998,34.98348281,POINT (127.5824207910165 34.98348281058718),주거,46,
336.84,127.5843962,34.9819102,POINT (127.5843961594725 34.98191019949343),주거,46,
451.2,127.58269890000001,34.98167396,POINT (127.582698854267 34.98167396239613),주거,46,
360.96,127.5835919,34.98142901,POINT (127.5835919289199 34.98142901374374),주거,46,
451.2,127.5825044,34.98188123,POINT (127.5825043930073 34.98188123305751),주거,46,
360.96,127.5828817,34.98145934,POINT (127.5828817256773 34.98145933570652),주거,46,
451.2,127.5834682,34.981680499999996,POINT (127.5834681758725 34.98168049799384),주거,46,
336.84,127.58388640000001,34.98281875,POINT (127.5838863698362 34.98281874969019),주거,46,
336.84,127.58446459999999,34.98296141,POINT (127.5844645802994 34.98296140522807),주거,46,
339.16,127.58460649999999,34.98271766,POINT (127.5846064750402 34.98271766018264),주거,46,
336.84,127.58474450000001,34.98247139,POINT (127.5847445149565 34.9824713893225),주거,46,
339.16,127.5848815,34.9822261,POINT (127.5848814537341 34.98222610445574),주거,46,
339.16,127.584267,34.98213568,POINT (127.584267032979 34.98213567770309),주거,46,
417.12,127.5822527,34.98234402,POINT (127.5822527461397 34.98234402379029),주거,46,
211.53,127.58251340000001,34.97049171,POINT (127.5825133656886 34.97049171225404),주거,12,
488.16,127.58222659999998,34.97181645,POINT (127.5822266379377 34.97181645111575),주거,49,
373.76,127.58228419999999,34.97149715,POINT (127.5822842016889 34.97149715004736),주거,26,
800.88,127.58226950000001,34.97216704,POINT (127.5822694589511 34.97216703774893),주거,135,
666.36,127.5823152,34.97287552,POINT (127.5823151766015 34.97287552241738),주거,61,
180.02,127.5844743,34.98090324,POINT (127.5844743464725 34.98090324267459),주거,14,
254.48,127.5847197,34.97969962,POINT (127.5847196870345 34.97969961869966),주거,14,
181.4,127.5836108,34.97970138,POINT (127.5836108441421 34.97970137630479),주거,16,
422.25,127.5812156,34.96798137,POINT (127.5812156469727 34.9679813727009),주거,20,
266.95,127.5821953,34.96822131,POINT (127.5821953315513 34.96822131214706),주거,24,
557.32,127.57830609999999,34.9711704,POINT (127.5783060763588 34.97117040282515),주거,156,
761.997,127.5781653,34.97170061,POINT (127.5781652606231 34.9717006098103),주거,156,
780.08,127.59245349999999,34.975347,POINT (127.5924535299055 34.97534700344984),주거,68,
316.38,127.58930590000001,34.9781874,POINT (127.5893058620535 34.97818739662013),주거,54,
418.96,127.5892043,34.97864002,POINT (127.5892042579689 34.97864002151971),주거,54,
365.76,127.58993090000001,34.97831188,POINT (127.5899309306734 34.97831187795551),주거,54,
366.8,127.5899146,34.97862602,POINT (127.589914572103 34.97862602106604),주거,54,
748.98,127.59213829999999,34.97739679,POINT (127.5921382521618 34.97739678591291),주거,90,
420.0,127.5920805,34.97777375,POINT (127.5920805459933 34.97777374620468),주거,54,
417.12,127.5920655,34.97804499,POINT (127.5920655250514 34.97804498592247),주거,54,
312.84,127.59148429999999,34.97786532,POINT (127.5914842684905 34.97786532016617),주거,54,
270.72,127.5909527,34.97862398,POINT (127.5909527157897 34.97862397550521),주거,54,
451.2,127.5921025,34.97861595,POINT (127.5921025218604 34.9786159503658),주거,54,
360.96,127.5924945,34.97831819,POINT (127.5924945124624 34.97831818816776),주거,54,
360.96,127.5914628,34.97861291,POINT (127.5914628405293 34.97861291490752),주거,54,
541.44,127.5908863,34.97829265,POINT (127.5908863300398 34.97829265332614),주거,54,
360.96,127.5919902,34.97831724,POINT (127.5919901724295 34.978317242169),주거,54,
860.58,127.60874720000001,34.97403658,POINT (127.6087472380918 34.97403658240863),주거,137,
1127.28,127.6086513,34.97451706,POINT (127.6086512986912 34.97451706315955),주거,137,
1107.12,127.60841880000001,34.97497792,POINT (127.6084188074795 34.97497792003613),주거,137,
619.74,127.60936170000001,34.9752811,POINT (127.609361734941 34.97528109551059),주거,137,
413.16,127.6096034,34.9748485,POINT (127.6096033532296 34.97484849887077),주거,137,
619.74,127.6097299,34.97435518,POINT (127.6097298907531 34.97435517912439),주거,137,
413.16,127.60902779999999,34.97257477,POINT (127.6090278294216 34.97257476739245),주거,160,
1107.12,127.61098429999998,34.97262392,POINT (127.6109842590731 34.97262392255732),주거,160,
413.06,127.61187930000001,34.97262433,POINT (127.611879303169 34.9726243298519),주거,160,
830.34,127.6094301,34.97294674,POINT (127.6094300868202 34.97294674479311),주거,160,
573.72,127.60885549999999,34.97309724,POINT (127.6088555140712 34.97309724108327),주거,160,
830.34,127.60914440000002,34.97353583,POINT (127.6091444333275 34.97353583192438),주거,160,
573.72,127.6098976,34.97347791,POINT (127.6098975774716 34.97347791038902),주거,160,
830.34,127.61025479999999,34.97388941,POINT (127.6102548082456 34.97388940978461),주거,160,
553.56,127.61094250000001,34.9741124,POINT (127.6109424668806 34.97411240118148),주거,160,
573.72,127.6102149,34.97282489,POINT (127.6102148863069 34.97282488596548),주거,160,
1107.12,127.6106983,34.97327609,POINT (127.6106983068381 34.97327609307811),주거,160,
413.16,127.61141129999999,34.97313773,POINT (127.6114112669404 34.97313773349619),주거,160,
203.04,127.58625590000001,34.9722848,POINT (127.5862558567141 34.9722847998287),주거,22,
466.74,127.58318259999999,34.97017498,POINT (127.5831825539383 34.97017497828794),주거,26,
594.9,127.58369040000001,34.96752117,POINT (127.5836903973354 34.96752116863452),주거,67,
951.84,127.5837155,34.96702826,POINT (127.5837155052598 34.96702825915026),주거,67,
594.9,127.5838319,34.96734616,POINT (127.5838319237196 34.96734615647672),주거,67,
951.84,127.58392490000001,34.96688415,POINT (127.5839249381736 34.96688415497071),주거,67,
951.84,127.58392490000001,34.96688415,POINT (127.5839249381736 34.96688415497071),주거,67,
651.6,127.58353100000001,34.96768667,POINT (127.5835309974466 34.96768666982479),주거,67,
520.56,127.583161,34.96704713,POINT (127.5831609670898 34.967047128929),주거,67,
520.56,127.5829723,34.96721123,POINT (127.5829723185254 34.96721123227974),주거,67,
518.4,127.584382,34.96789354,POINT (127.5843819554923 34.96789354031279),주거,67,
518.4,127.5845213,34.96771802,POINT (127.5845213292742 34.96771801793606),주거,67,
518.4,127.5842416,34.96807303,POINT (127.5842415751027 34.96807302675533),주거,67,
2599.2,127.58481570000001,34.96736903,POINT (127.5848157284587 34.96736902744269),주거,67,
518.4,127.58466609999998,34.96754128,POINT (127.5846661168748 34.9675412758649),주거,67,
437.61,127.5636103,34.96592942,POINT (127.5636103282867 34.96592941521499),주거,67,
502.38,127.57079669999999,34.96800075,POINT (127.5707967329368 34.96800075315255),주거,124,
361.11,127.57240049999999,34.96493843,POINT (127.5724005428501 34.96493842760426),주거,26,
1059.21,127.56949270000001,34.96437564,POINT (127.5694926995648 34.96437564212271),주거,292,
654.18,127.570029,34.96434571,POINT (127.5700290008361 34.96434570533999),주거,185,
572.2080000000001,127.57241940000002,34.96319385,POINT (127.5724193611736 34.96319384817564),주거,94,
507.10400000000004,127.57290359999999,34.963309,POINT (127.5729036386213 34.96330899912284),주거,94,
507.10400000000004,127.5724438,34.96273339,POINT (127.5724438072677 34.96273339424189),주거,94,
689.6080000000001,127.5729535,34.96288344,POINT (127.5729535089151 34.96288344338771),주거,94,
816.8,127.57611990000001,34.96554544,POINT (127.5761198811583 34.9655454367397),주거,184,
168.57,127.57762759999999,34.96552736,POINT (127.5776276396535 34.96552736378085),주거,184,
168.57,127.57783559999999,34.96550724,POINT (127.5778355749924 34.96550724146934),주거,184,
704.36,127.5770983,34.96560791,POINT (127.5770982762429 34.96560790877753),주거,184,
759.44,127.57767849999999,34.9651981,POINT (127.5776784889648 34.96519810177563),주거,184,
1134.58,127.57613640000001,34.96507591,POINT (127.5761364455124 34.96507591021013),주거,184,
77.4,127.5783798,34.96517211,POINT (127.5783797508035 34.96517211019794),주거,184,
585.93,127.57659709999999,34.96426152,POINT (127.5765971269394 34.96426152357555),주거,64,
799.96,127.5649597,34.96930407,POINT (127.5649597455616 34.96930407485583),주거,207,
802.08,127.56561869999999,34.96862354,POINT (127.5656187019986 34.96862354415202),주거,207,
802.08,127.56404029999999,34.96951487,POINT (127.564040301111 34.96951486908193),주거,207,
802.08,127.56479440000001,34.96880934,POINT (127.564794394685 34.96880934250272),주거,207,
811.78,127.56580500000001,34.96911179,POINT (127.565805033987 34.96911179002555),주거,207,
802.08,127.5638631,34.96902016,POINT (127.5638631245973 34.96902016317378),주거,207,
631.195,127.6999121,34.99077394,POINT (127.699912062748 34.99077394001574),주거,65,
219.78,127.70616740000001,34.98102588,POINT (127.7061674304745 34.98102587991772),주거,27,
119.86,127.58686019999999,34.96882912,POINT (127.5868601854974 34.96882911821931),주거,2,개인
118.2,127.571374,34.95940006,POINT (127.5713739688082 34.95940006326519),주거,1,개인
171.3,127.5666868,34.95740825,POINT (127.5666868438628 34.95740825442237),주거,3,개인
199.95,127.5672902,34.96676378,POINT (127.5672901875211 34.96676378208177),주거,1,개인
108.0,127.5714548,34.96519288,POINT (127.5714548030833 34.96519288054116),주거,2,개인
136.08,127.5744695,34.96356778,POINT (127.5744694521203 34.96356778045816),주거,2,개인
148.17,127.57429199999999,34.96341496,POINT (127.5742919943706 34.96341495770825),주거,2,개인
146.0,127.57620779999999,34.96324235,POINT (127.5762078140653 34.96324234692234),주거,2,개인
134.04,127.57734769999999,34.96399869,POINT (127.5773476751693 34.96399869430397),주거,2,개인
105.0,127.5794142,34.96450774,POINT (127.5794142155701 34.96450774101081),주거,1,개인
136.62,127.58023290000001,34.96473869,POINT (127.5802329273173 34.96473868932495),주거,3,개인
178.2,127.56804129999999,34.9684768,POINT (127.5680412598261 34.96847679790256),주거,3,개인
147.03,127.56803490000001,34.96586053,POINT (127.5680348705313 34.96586053436042),주거,4,
100.25,127.5678011,34.96517314,POINT (127.5678011317305 34.96517313836701),주거,1,개인
103.56,127.56250520000002,34.96637462,POINT (127.562505242434 34.96637462371167),주거,1,개인
123.65,127.69361370000001,34.9419628,POINT (127.6936137405732 34.94196280260435),주거,3,개인
148.84,127.6903122,34.93953401,POINT (127.6903122170046 34.93953400992758),주거,6,
119.7,127.68619140000001,34.94087801,POINT (127.6861913895452 34.94087800829718),주거,4,
121.38,127.6861817,34.94074043,POINT (127.6861816815432 34.94074042788585),주거,3,
121.36,127.68591979999998,34.94074909,POINT (127.6859197795584 34.94074909472758),주거,4,개인
139.85,127.68571920000001,34.94055606,POINT (127.6857191757882 34.94055605624519),주거,4,
137.94,127.68680239999999,34.94172052,POINT (127.68680240151 34.94172051918417),주거,5,
138.6,127.68722009999999,34.941482,POINT (127.6872200629544 34.94148200081641),주거,13,
213.6,127.68767340000002,34.94241504,POINT (127.6876734389411 34.94241503537471),주거,4,
96.55,127.6863834,34.9426528,POINT (127.6863834364745 34.94265280098971),주거,3,
117.18,127.6865433,34.94328112,POINT (127.6865432676924 34.9432811219096),주거,8,
141.96,127.6894162,34.94918357,POINT (127.6894162142231 34.94918356530713),주거,5,
118.16,127.69709740000002,34.94828669,POINT (127.6970973706717 34.9482866859304),주거,3,
140.28,127.6978088,34.95245327,POINT (127.6978088069489 34.95245326706766),주거,5,
126.93,127.7206625,34.95907578,POINT (127.7206624838198 34.95907577763611),주거,4,
128.88,127.71731000000001,34.96530017,POINT (127.7173099532693 34.96530017071708),주거,4,
133.66,127.7176456,34.96547409,POINT (127.7176455544691 34.96547408697629),주거,3,
128.1,127.71775149999999,34.96525677,POINT (127.7177514578948 34.96525676521567),주거,4,개인
128.1,127.717848,34.96537577,POINT (127.7178480177988 34.96537577359158),주거,4,개인
125.56,127.717145,34.96428804,POINT (127.7171449890792 34.96428803639446),주거,3,개인
126.26,127.7176071,34.96454581,POINT (127.717607142785 34.96454580888934),주거,4,
120.44,127.71771820000001,34.96414472,POINT (127.7177181762044 34.96414472472244),주거,4,
120.96,127.71850590000001,34.96536473,POINT (127.7185059008747 34.96536473380355),주거,4,
95.52,127.718946,34.9635574,POINT (127.7189459616558 34.96355740368642),주거,6,
121.48,127.720265,34.96258179,POINT (127.7202649647822 34.96258179052099),주거,4,
104.04,127.7204256,34.96257113,POINT (127.7204256281555 34.9625711348407),주거,4,
124.56,127.72051119999999,34.96394002,POINT (127.7205112485196 34.96394002216112),주거,4,
118.08,127.72033130000001,34.96394484,POINT (127.720331279569 34.96394483920813),주거,4,
91.6,127.7564387,34.94260294,POINT (127.7564386634044 34.94260294476378),주거,3,개인
2078.64,127.73668470000001,34.9420875,POINT (127.7366846737063 34.94208750228963),주거,4,법인
174.51,127.5983423,34.99205597,POINT (127.5983422645707 34.99205597139047),주거,2,
172.17,127.5985221,34.99155523,POINT (127.5985220707731 34.99155523381866),주거,2,
172.17,127.5986957,34.99188482,POINT (127.5986956782144 34.99188481949156),주거,2,
172.17,127.5985078,34.991837100000005,POINT (127.5985078139937 34.99183709971732),주거,2,
174.51,127.5985485,34.99211366,POINT (127.5985485467237 34.99211366284286),주거,2,
123.47,127.59133899999999,34.98170186,POINT (127.5913390278802 34.98170186002629),주거,4,
129.0,127.5886836,34.97991034,POINT (127.5886835957773 34.97991034425949),주거,4,개인
182.4,127.5773811,34.98241452,POINT (127.5773810887185 34.98241452395051),주거,6,
182.4,127.5775199,34.98258159,POINT (127.5775198999939 34.98258159494447),주거,6,
162.9,127.5763206,34.977538700000004,POINT (127.5763206431302 34.97753869976779),주거,6,
229.82,127.5768883,34.97717802,POINT (127.5768882500857 34.97717801870785),주거,6,
229.82,127.57698229999998,34.97730649,POINT (127.5769823360676 34.9773064883591),주거,6,
164.84,127.5844507,34.97965856,POINT (127.5844506840123 34.97965855662817),주거,6,
215.78,127.5831841,34.98010845,POINT (127.5831840509802 34.9801084456229),주거,6,
187.81,127.58238270000001,34.96972489,POINT (127.5823826992912 34.96972489208932),주거,5,
158.105,127.581864,34.96857827,POINT (127.5818639529852 34.96857827041693),주거,4,
162.36,127.58196979999998,34.96875695,POINT (127.5819697558581 34.96875695035551),주거,4,
205.4,127.57678429999999,34.97357444,POINT (127.5767842850598 34.97357444358068),주거,6,
224.38,127.5808063,34.97217132,POINT (127.5808062864093 34.97217132230821),주거,6,
163.56,127.5918398,34.97549778,POINT (127.5918398364967 34.97549778330446),주거,4,
105.12,127.59199209999998,34.97551473,POINT (127.5919920802487 34.97551473282799),주거,3,
100.16,127.59214899999999,34.97555559,POINT (127.5921489797493 34.97555558876445),주거,3,개인
121.29,127.5899882,34.97503598,POINT (127.589988221837 34.97503598371102),주거,83,개인
108.74,127.58948899999999,34.97782605,POINT (127.5894889647269 34.97782605131697),주거,5,
109.26,127.5895107,34.97766578,POINT (127.5895107006516 34.97766578145963),주거,4,
323.91,127.58377469999999,34.97061052,POINT (127.5837746979017 34.97061051735457),주거,10,
697.44,127.5841347,34.9701236,POINT (127.5841346932659 34.97012360036275),주거,12,
584.62,127.58601740000002,34.97029827,POINT (127.5860173703286 34.97029827092476),주거,13,
478.47,127.58585559999999,34.97019302,POINT (127.5858556282768 34.97019302322529),주거,13,
141.72,127.58398629999999,34.96948337,POINT (127.5839862870115 34.96948336533112),주거,6,
422.25,127.5868253,34.96931238,POINT (127.5868252882775 34.96931238032442),주거,11,
169.5,127.5832496,34.96824964,POINT (127.5832495814048 34.96824964389483),주거,6,
89.16,127.58280500000001,34.968366499999995,POINT (127.5828049902799 34.9683665012731),주거,2,
103.39,127.58292900000001,34.96831206,POINT (127.5829289666475 34.96831206232856),주거,8,
89.16,127.5830132,34.96820603,POINT (127.5830132229033 34.96820602693042),주거,2,
109.5,127.5823963,34.96796991,POINT (127.5823963160648 34.96796991229139),주거,6,
109.5,127.5824815,34.96809915,POINT (127.5824815081173 34.96809914553998),주거,6,
225.03,127.5842711,34.966810200000005,POINT (127.5842710652071 34.96681019711001),주거,6,
175.68,127.5723072,34.96470109,POINT (127.5723072087759 34.96470109013645),주거,6,
209.02,127.5743408,34.96425216,POINT (127.5743407883564 34.96425215747305),주거,6,
174.61,127.56820719999999,34.96870918,POINT (127.5682071874544 34.96870917674175),주거,6,
191.88,127.56888020000001,34.96801544,POINT (127.5688801563549 34.96801543540229),주거,17,
118.08,127.73677659999998,35.05804975,POINT (127.7367765970719 35.05804974502809),주거,2,
118.08,127.73695819999999,35.05845727,POINT (127.7369582031668 35.05845726907303),주거,2,
118.08,127.73732539999999,35.05838845,POINT (127.7373253797931 35.05838845222976),주거,2,
118.08,127.7370803,35.05813618,POINT (127.737080268385 35.05813617587147),주거,2,
118.08,127.7371737,35.05859881,POINT (127.7371737382909 35.0585988062732),주거,2,
118.08,127.7374115,35.05867255,POINT (127.7374115424688 35.05867255490357),주거,2,
118.08,127.73679550000001,35.05827326,POINT (127.7367955187338 35.05827325539779),주거,2,
118.08,127.7368524,35.05784356,POINT (127.7368523687306 35.05784356399844),주거,2,
59.04,127.7372156,35.05823983,POINT (127.7372156162682 35.05823982638345),주거,2,
289.05,127.6592568,34.91048359,POINT (127.6592567726237 34.91048359298662),공공시설,1,개인
176.19,127.6736935,34.93334097,POINT (127.6736935443842 34.93334096675515),공공시설,1,국유지
417.46,127.67833059999998,34.9385355,POINT (127.6783306268706 34.93853550108091),공공시설,3,군유지
9.0,127.6479159,34.96228053,POINT (127.6479159419305 34.96228053057587),공공시설,0,법인
139.6,127.6486152,34.96250254,POINT (127.6486152176773 34.96250254344904),공공시설,1,법인
9.6,127.64868600000001,34.96258783,POINT (127.64868598082 34.96258783487929),공공시설,0,법인
522.79,127.69700060000001,34.940993799999994,POINT (127.697000573655 34.9409938046125),공공시설,5,국유지
157.1,127.6860258,34.94235176,POINT (127.686025778598 34.94235175774622),공공시설,2,국유지
255.23,127.72200579999999,34.96304244,POINT (127.7220057525034 34.9630424419013),공공시설,3,군유지
137.2,127.74723610000001,34.93531034,POINT (127.7472360905031 34.93531033881724),공공시설,1,군유지
69.96,127.742571,34.94496807,POINT (127.7425710184072 34.94496807436497),공공시설,0,기타단체
47.16,127.7673655,34.95267384,POINT (127.7673655332178 34.95267384353821),공공시설,0,군유지
36.0,127.76275759999999,34.90229154,POINT (127.7627575834134 34.90229154119262),공공시설,0,국유지
249.48,127.72344369999999,34.93755684,POINT (127.72344374559 34.93755684422716),공공시설,2,법인
300.24,127.7316074,34.93564035,POINT (127.7316074327455 34.93564034718248),공공시설,2,법인
3.0,127.5827091,34.97732499,POINT (127.5827091207124 34.97732498997168),공공시설,0,
102.3,127.5893706,34.9729862,POINT (127.5893705685265 34.97298619721653),공공시설,1,개인
387.74,127.57785770000001,34.98888246,POINT (127.5778577067179 34.98888246122237),공공시설,4,군유지
58.1,127.5807206,35.01087645,POINT (127.5807205773696 35.01087645128158),공공시설,0,국유지
61.75,127.5649269,35.05191737,POINT (127.5649269492901 35.05191737012685),공공시설,0,군유지
87.75,127.5634814,35.05792046,POINT (127.5634814201225 35.05792046063688),공공시설,0,기타단체
24.0,127.6044169,34.98911763,POINT (127.6044168555065 34.98911762583126),공공시설,0,기타단체
157.43,127.71993300000001,34.98659843,POINT (127.7199330233744 34.98659843061125),공공시설,1,군유지
391.76,127.7196902,35.01996959,POINT (127.7196902156504 35.01996958920364),공공시설,4,군유지
100.0,127.72183059999999,35.01786588,POINT (127.7218306054331 35.01786588200165),공공시설,0,기타단체
24.0,127.6825929,35.05433508,POINT (127.6825928754358 35.0543350762549),공공시설,0,기타단체
23.4,127.68026259999999,35.07604342,POINT (127.6802625661454 35.07604342239602),공공시설,0,기타단체
82.1,127.75711969999999,34.97877638,POINT (127.7571197479681 34.97877637792944),공공시설,1,군유지
2.6,127.7571942,34.97859842,POINT (127.7571941575533 34.9785984215091),공공시설,0,국유지
11.46,127.7816205,35.0112003,POINT (127.7816205485393 35.01120029629043),공공시설,0,군유지
83.46,127.770275,35.01076806,POINT (127.7702749794788 35.01076805878596),공공시설,1,군유지
89.14,127.69101670000002,35.12315828,POINT (127.6910166710933 35.12315827869391),공공시설,1,군유지
250.17,127.69108259999999,35.12329593,POINT (127.6910825716209 35.1232959342485),공공시설,2,군유지
66.1,127.69104779999999,35.12435191,POINT (127.6910477725397 35.12435190781257),공공시설,0,군유지
14.06,127.6835541,35.13640078,POINT (127.6835540675367 35.13640078374285),공공시설,0,국유지
14.06,127.6840909,35.13626504,POINT (127.6840908557858 35.13626503956691),공공시설,0,국유지
14.06,127.6839185,35.13611455,POINT (127.6839185321425 35.13611455048002),공공시설,0,국유지
314.71,127.73449540000001,34.93376047,POINT (127.7344954491562 34.93376047013946),주차장,12,법인
300.58,127.7335922,34.93426782,POINT (127.7335921555069 34.93426781718068),주차장,11,법인
220.49,127.7339116,34.93409191,POINT (127.7339116408013 34.93409191234594),주차장,9,법인
85.4,127.5882048,34.96939584,POINT (127.5882048465632 34.9693958417235),주차장,8,
497.32,127.58715,34.9744609,POINT (127.5871500008588 34.97446090280935),주차장,16,
621.4,127.58470159999999,34.96949065,POINT (127.5847016149239 34.96949064637423),주차장,22,
74.39,127.5671727,34.96752743,POINT (127.5671726820483 34.96752742797268),주차장,4,
94.75,127.5667851,34.96674101,POINT (127.5667850917816 34.96674100503955),주차장,6,개인
58.46,127.56681270000001,34.96691341,POINT (127.5668126545569 34.96691341337784),주차장,6,개인
105.3,127.56661809999999,34.96738518,POINT (127.5666180957497 34.96738517592632),주차장,4,개인
87.3,127.56657779999999,34.96729119,POINT (127.5665778017016 34.967291189463),주차장,8,개인
298.3,127.56468100000001,34.96798349,POINT (127.5646810473324 34.96798348612636),주차장,12,개인
99.6,127.56676409999999,34.96617789,POINT (127.5667640573346 34.96617789478711),주차장,6,법인
91.2,127.5665784,34.96621998,POINT (127.5665783735046 34.9662199790351),주차장,6,법인
30.6,127.7008591,34.9936589,POINT (127.7008590537516 34.99365889896629),주차장,6,개인
574.24,127.568343,34.95555549,POINT (127.5683429850529 34.95555548779237),대학교,13,법인
60.0,127.56686450000001,34.9556886,POINT (127.5668644685077 34.95568860006585),대학교,0,법인
1415.2,127.56824850000001,34.95359293,POINT (127.5682485454598 34.9535929256196),대학교,23,법인
652.14,127.5676281,34.95400201,POINT (127.5676281180887 34.9540020131715),대학교,9,법인
1327.94,127.5670794,34.95448235,POINT (127.5670793714402 34.95448235078973),대학교,22,법인
46.98,127.5644186,34.95656154,POINT (127.5644186180747 34.95656153681056),대학교,0,법인
1932.89,127.56514009999998,34.95605786,POINT (127.5651400862841 34.95605785795105),대학교,34,법인
1237.44,127.56389209999999,34.95668151,POINT (127.5638920687625 34.95668150828965),대학교,20,법인
1208.2,127.56294270000001,34.9567602,POINT (127.5629426718183 34.95676020092801),대학교,20,법인
1237.44,127.56548640000001,34.95613652,POINT (127.5654863885221 34.95613652480602),대학교,20,법인
1424.24,127.56799129999999,34.95343042,POINT (127.5679912918673 34.95343042400751),대학교,23,법인
43124.35,127.56639840000001,34.96262015,POINT (127.5663984112005 34.96262015064679),쇼핑센터,626,법인
1423.56,127.5902959,34.97046821,POINT (127.5902959147987 34.97046820525866),호텔,38,법인
355.32,127.69570690000002,34.92649389,POINT (127.6957069391424 34.92649388523773),호텔,12,개인
324.0,127.6879238,34.91998962,POINT (127.6879238214522 34.91998962346007),휴게소,1,국유지
324.0,127.68150800000001,34.91608094,POINT (127.681508049751 34.91608094220057),휴게소,1,국유지
324.0,127.68536409999999,34.91842757,POINT (127.6853640710026 34.91842756679315),휴게소,1,국유지
324.0,127.68510900000001,34.9182732,POINT (127.6851089871642 34.91827319967713),휴게소,1,국유지
324.0,127.67894879999999,34.91452274,POINT (127.6789487704292 34.91452274448824),휴게소,1,국유지
324.0,127.679349,34.91451664,POINT (127.6793490000694 34.91451664284887),휴게소,1,국유지
594.2,127.6736253,34.91074171,POINT (127.6736253150493 34.91074171201551),휴게소,3,국유지
336.84,127.6755577,34.91191128,POINT (127.675557712655 34.91191128081957),휴게소,2,국유지
309.65,127.6848104,34.96403857,POINT (127.6848103562978 34.96403856997667),휴게소,1,개인
47.6,127.6847815,34.96415221,POINT (127.6847814850483 34.96415221305828),휴게소,0,개인
629.82,127.6850743,34.94326893,POINT (127.6850742695496 34.94326893240377),기타문화및집회시설,11,법인
981.41,127.69093400000001,34.94777521,POINT (127.6909339885056 34.94777521385622),도서관,13,"시, 도유지"
425.3,127.6917601,34.95085944,POINT (127.6917600942557 34.95085943959756),기타문화및집회시설,6,종교단체
696.31,127.69691979999999,34.93617334,POINT (127.6969198160057 34.93617334183612),종합병원,33,
165.62,127.69772479999999,34.94466255,POINT (127.6977248424042 34.94466254876852),기타문화및집회시설,2,종교단체
256.15,127.69940390000001,34.93224603,POINT (127.6994038525417 34.93224602980132),기타문화및집회시설,3,종교단체
282.61,127.6977425,34.95225886,POINT (127.6977425456786 34.952258860502),기타문화및집회시설,4,종교단체
904.32,127.72725390000001,34.94662521,POINT (127.7272539277 34.94662520853429),도서관,8,법인
726.49,127.58761709999999,34.98040518,POINT (127.5876170664735 34.98040518034527),도서관,7,군유지
550.53,127.58732749999999,34.98040938,POINT (127.5873274610025 34.98040938085087),도서관,5,군유지
2384.17,127.57556809999998,34.98456744,POINT (127.5755680843473 34.98456743874162),기타문화및집회시설,14,군유지
290.25,127.5864977,34.98777978,POINT (127.5864976607824 34.98777978005122),기타문화및집회시설,3,군유지
1119.59,127.58304240000001,34.97689521,POINT (127.5830423910976 34.97689520627912),기타문화및집회시설,21,법인
888.04,127.58255120000001,34.97351353,POINT (127.5825512201934 34.97351353359006),도서관,7,군유지
44.88,127.5775295,34.97314235,POINT (127.577529450471 34.97314234903727),기타문화및집회시설,0,종교단체
24.48,127.57738640000001,34.9732821,POINT (127.5773863768129 34.97328209794533),기타문화및집회시설,0,종교단체
48.86,127.5774699,34.97322352,POINT (127.5774699403019 34.97322351954898),기타문화및집회시설,0,종교단체
7.52,127.57791189999999,34.97332927,POINT (127.5779118884292 34.97332926750445),기타문화및집회시설,0,종교단체
306.52,127.58002809999999,34.96903674,POINT (127.5800280547915 34.96903674386369),기타문화및집회시설,3,종교단체
123.7,127.6395284,34.97459715,POINT (127.6395284152445 34.97459714506778),기타문화및집회시설,0,종교단체
441.2,127.6095034,34.97694166,POINT (127.6095033712222 34.97694166146962),기타문화및집회시설,7,종교단체
471.58,127.6073155,34.97408456,POINT (127.6073154539768 34.97408456010817),도서관,4,군유지
280.06,127.57272659999998,34.98373103,POINT (127.5727266242232 34.98373103197869),도서관,1,"시, 도유지"
31.08,127.5709119,35.09158363,POINT (127.5709119212392 35.09158363220633),기타문화및집회시설,0,종교단체
50.0,127.56225359999999,35.05944421,POINT (127.5622536294959 35.05944421328172),기타문화및집회시설,0,종중
259.7,127.56321799999999,35.05911345,POINT (127.5632179886904 35.0591134497899),기타문화및집회시설,1,기타단체
111.63,127.6081793,35.04648331,POINT (127.6081793278697 35.04648330886332),기타문화및집회시설,0,개인
349.08,127.7688507,34.98547433,POINT (127.7688506666879 34.98547433463763),휴게소,1,법인
79.95,127.7684494,34.98512629,POINT (127.7684494316839 34.98512629448562),휴게소,0,법인
48.0,127.7682997,34.98470653,POINT (127.7682996761106 34.98470652728316),휴게소,0,법인
77.49,127.76906809999998,34.98576671,POINT (127.769068141161 34.98576670883541),휴게소,0,법인
54.0,127.7691831,34.98584074,POINT (127.7691831119503 34.98584074102382),휴게소,0,국유지
2195.59,127.76928249999999,34.98571365,POINT (127.7692824568803 34.98571364562643),휴게소,8,법인
